254,Vo,SR,満開の桜の下で 天海春香,天海春香,18,60,4200,2880,8200,5760,-,-,2013/4/1～2013/4/11桜咲く！ アイドルお花見ガシャ2013/10/28～2013/10/31 復刻,○,1800,+35,ボイス付カード桜色のステージ 天海春香 へ覚醒可能,775.56,1.42,0.70,0.59,0.41
255,Vo,SR,桜色のステージ 天海春香,天海春香,18,60,5040,3456,9840,6912,春爛漫！,Vo属性のAPアップ（中）,満開の桜の下で 天海春香 覚醒,○,1800,+30,ボイス付カード,930.67,1.42,0.70,0.59,0.41
567,Vo,SR,至福の時間 天海春香,天海春香,18,60,4000,3298,8000,6416,-,-,2013/8/21～2013/8/31サマーバケーション in ヨーロッパガシャ,○,1800,+35,いつだってお姫様 天海春香 へ覚醒可能,800.89,1.25,0.80,0.55,0.45
568,Vo,SR,いつだってお姫様 天海春香,天海春香,18,60,4800,3850,9600,7700,女の子の憧れ,Vo属性のAP/DPアップ（中）,至福の時間 天海春香 覚醒,○,1800,+30,,961.11,1.25,0.80,0.55,0.45
777,Vo,SR,いきいき生花 天海春香,天海春香,18,60,4300,3221,8600,6442,-,-,極めよ！アイドル道最終ランキング報酬,○,1800,+35,躍進のステージ 天海春香 へ覚醒可能,835.67,1.33,0.75,0.57,0.43
778,Vo,SR,躍進のステージ 天海春香,天海春香,18,60,5160,3865,10320,7730,一歩前進！,Vo属性のAPアップ（中）,いきいき生花 天海春香 覚醒,○,1800,+30,,1002.78,1.34,0.75,0.57,0.43
1005,Vo,SR,ナイショのパーティー準備 天海春香,天海春香,18,60,4292,3446,8584,6892,-,-,2014/3/1～2014/3/151周年！ミリオンスパークライブガシャ,○,1800,+35,キラメキ進行形！ 天海春香 へ覚醒可能,859.78,1.25,0.80,0.55,0.45
1006,Vo,SR,キラメキ進行形！ 天海春香,天海春香,18,60,5150,4135,10300,8270,どこまでも進行形,Vo属性のAPアップ（大）,ナイショのパーティー準備 天海春香 覚醒,○,1800,+30,,1031.67,1.25,0.80,0.55,0.45
234,Vo,SR,未来へのマーチ 春日未来,春日未来,14,60,2100,2100,4200,4200,-,-,輝け！春の野外音楽フェスティバル累計マーチpt報酬,×,1400,+35,,600.00,1.00,1.00,0.50,0.50
235,Vo,SR,世界に響け!春の歌 春日未来,春日未来,14,60,2625,2625,5250,5250,スプリングマーチ,Vo属性のAP/DPアップ（小）,未来へのマーチ 春日未来 覚醒,○,1400,+30,,750.00,1.00,1.00,0.50,0.50
349,Vo,SR,黄昏インターバル 春日未来,春日未来,14,60,3590,1760,7180,3520,-,-,輝け！アイドルライブバトルアリーナアリーナフェスレアドロップ,○,1400,+35,2014/05/28 ボイス追加,764.29,2.04,0.49,0.67,0.33
662,Vo,SR,旅立ちのとき 春日未来,春日未来,18,60,4200,3160,8400,6320,-,-,2013/10/1～2013/10/15大冒険！アイドルファンタジーRPGガシャ,○,1800,+35,ボイス付カード伝説の勇者 春日未来 へ覚醒可能,817.78,1.33,0.75,0.57,0.43
663,Vo,SR,伝説の勇者 春日未来,春日未来,18,60,5040,3770,10150,7540,明日を拓く剣,Vo属性のAP/DPアップ（中）,旅立ちのとき 春日未来 覚醒,○,1800,+30,ボイス付カード,982.78,1.35,0.74,0.57,0.43
880,Vo,SR,ないしょのお願い 春日未来,春日未来,18,60,4396,3225,8792,6450,-,-,2013/12/31～2014/1/14あけまして！アイドル初詣ライブガシャ,○,1800,+35,大願成就の予感！ 春日未来 へ覚醒可能,846.78,1.36,0.73,0.58,0.42
881,Vo,SR,大願成就の予感！ 春日未来,春日未来,18,60,5275,3870,10550,7740,レッドアミュレット,Vo属性のAPアップ（中）,ないしょのお願い 春日未来 覚醒,○,1800,+30,,1016.11,1.36,0.73,0.58,0.42
1064,Vo,SR,ハイスクールライブ！ 春日未来,春日未来,18,60,4523,3273,9046,6546,-,-,2014/4/1～4/11突撃！入学式お祝いライブガシャ,○,1800,+35,親愛の手紙 春日未来 へ覚醒可能,866.22,1.38,0.72,0.58,0.42
1065,Vo,SR,親愛の手紙 春日未来,春日未来,18,60,5428,3928,10855,7855,青春の木の下で,Vo属性のAP/DPアップ（大）,ハイスクールライブ！ 春日未来 覚醒,○,1800,+30,,1039.44,1.38,0.72,0.58,0.42
362,Vo,SR,悩める聖将 如月千早,如月千早,18,60,3900,3130,7800,6260,-,-,大合戦！戦国アイドル活劇最終ランキング報酬,○,1800,+35,撮影の合間に 如月千早 へ覚醒可能2014/05/28 ボイス追加,781.11,1.25,0.80,0.55,0.45
363,Vo,SR,撮影の合間に 如月千早,如月千早,18,60,4680,3756,9360,7512,ふたりのリハーサル,全カードのAPアップ（中）,悩める聖将 如月千早 覚醒,○,1800,+30,2014/05/28 ボイス追加,937.33,1.25,0.80,0.55,0.45
531,Vo,SR,想いをのせて 如月千早,如月千早,18,60,4150,3013,8300,6050,-,-,2013/8/1～2013/8/12ゆけゆけ！アイドル合宿！ガシャ,○,1800,+35,まばゆい星海 如月千早 へ覚醒可能,797.22,1.37,0.73,0.58,0.42
532,Vo,SR,まばゆい星海 如月千早,如月千早,18,60,5000,3660,10000,7230,溶けあう想い,Vo属性のAPアップ（中）,想いをのせて 如月千早 覚醒,○,1800,+30,,957.22,1.38,0.72,0.58,0.42
785,Vo,SR,アイドルの試練 如月千早,如月千早,18,60,4300,3204,8600,6408,-,-,2013/11/12～2013/11/21雑誌グラビアチャレンジ！ガシャ,○,1800,+35,蒼い鳥 如月千早 へ覚醒可能,833.78,1.34,0.75,0.57,0.43
786,Vo,SR,蒼い鳥 如月千早,如月千早,18,60,5160,3845,10320,7690,歌姫覚醒,Vo属性のAP/DPアップ（中）,アイドルの試練 如月千早 覚醒,○,1800,+30,,1000.56,1.34,0.75,0.57,0.43
1104,Vo,SR,戦う司令官 如月千早,如月千早,18,60,4509,3303,9018,6606,-,-,2014/4/30～2014/5/7逆襲！グレートアイドルキャッスル最終ランキング報酬,○,1800,+35,勝利の女神 如月千早 へ覚醒可能,868.00,1.37,0.73,0.58,0.42
1105,Vo,SR,勝利の女神 如月千早,如月千早,18,60,5411,3964,10822,7928,会心スマイル！,Vo属性のAPアップ（中）,戦う司令官 如月千早 覚醒,○,1800,+30,,1041.67,1.37,0.73,0.58,0.42
394,Vo,SR,ヒナっ子のライブ 木下ひなた,木下ひなた,18,60,4050,3040,8100,6080,-,-,夏直前！アイドル水上大運動会最終ランキング報酬,○,1800,+35,おやすみの時間 木下ひなた へ覚醒可能,787.78,1.33,0.75,0.57,0.43
395,Vo,SR,おやすみの時間 木下ひなた,木下ひなた,18,60,4860,3648,9720,7296,ヒミツのねごと,Vo属性のAPアップ（中）,ヒナっ子のライブ 木下ひなた 覚醒,×,1800,+30,,945.33,1.33,0.75,0.57,0.43
902,Vo,SR,ねずみ大行進！ 木下ひなた,木下ひなた,14,60,3254,1958,6508,3916,-,-,招福！アイドル干支レース累計干支pt報酬/中間ランキング報酬,○,1400,+35,みんなのマスコット神さま 木下ひなた へ覚醒可能,744.57,1.66,0.60,0.62,0.38
903,Vo,SR,みんなのマスコット神さま 木下ひなた,木下ひなた,14,60,3905,2350,7810,4700,チューチュー大合唱,Vo属性のAPアップ（小）,ねずみ大行進！ 木下ひなた 覚醒,○,1400,+30,,893.57,1.66,0.60,0.62,0.38
1156,Vo,SR,桃園の誓い 木下ひなた,木下ひなた,14,60,3380,2083,6760,4166,-,-,2014/5/29～6/4大戦乱！アイドル三国志シアターくじ報酬：ステップ2最上位レア思い出達成報酬,○,1400,+35,愛されし仁君 木下ひなた へ覚醒可能,780.43,1.62,0.62,0.62,0.38
1158,Vo,SR,愛されし仁君 木下ひなた,木下ひなた,14,60,4056,2499,8112,4998,王の資質,全カードのAPアップ（小）,桃園の誓い 木下ひなた 覚醒,○,1400,+30,,936.43,1.62,0.62,0.62,0.38
232,Vo,SR,高雅なる夜宴 四条貴音,四条貴音,18,60,3500,3400,7100,6900,-,-,輝け！春の野外音楽フェスティバル上位ランキング報酬,×,1800,+35,2人だけの春宵 四条貴音 へ覚醒可能2014/05/28 ボイス追加,777.78,1.03,0.97,0.51,0.49
233,Vo,SR,2人だけの春宵 四条貴音,四条貴音,18,60,4200,4080,8520,8280,春宵月,Vo属性のAP/DPアップ（中）,高雅なる夜宴 四条貴音 覚醒,○,1800,+30,2014/05/28 ボイス追加,933.33,1.03,0.97,0.51,0.49
431,Vo,SR,梅雨の中休み 四条貴音,四条貴音,18,60,4650,2660,9300,5320,-,-,2013/6/20〜2013/6/30じめじめ梅雨宣言！ガシャ,○,1800,+35,ボイス付カード,812.22,1.75,0.57,0.64,0.36
579,Vo,SR,妖魔のステージ 四条貴音,四条貴音,18,60,4170,3058,8340,6116,-,-,恐怖！アイドルドキドキ肝だめし上位ランキング報酬,○,1800,+35,はにかみ帰り道 四条貴音 へ覚醒可能,803.11,1.36,0.73,0.58,0.42
580,Vo,SR,はにかみ帰り道 四条貴音,四条貴音,18,60,5000,3650,10000,7300,びくびく猫娘,全ての敵のAPダウン（中）,妖魔のステージ 四条貴音 覚醒,○,1800,+30,,961.11,1.37,0.73,0.58,0.42
745,Vo,SR,流麗なる麺の舞 四条貴音,四条貴音,18,60,4212,3290,8424,6580,-,-,2013/11/1～2013/11/12湯ったり！765プロ温泉旅行ガシャ,○,1800,+35,水面に浮かぶ月 四条貴音 へ覚醒可能,833.56,1.28,0.78,0.56,0.44
746,Vo,SR,水面に浮かぶ月 四条貴音,四条貴音,18,60,5055,3950,10110,7900,艶やか月灯,Vo属性のAPアップ（大）,流麗なる麺の舞 四条貴音 覚醒,○,1800,+30,,1000.56,1.28,0.78,0.56,0.44
1166,Vo,SR,アイドル怪盗参上！ 四条貴音,四条貴音,18,60,4552,3302,9104,6608,-,-,2014/5/12～2014/5/20アイドル怪盗vsアイドル探偵ガシャ期間限定カード,？,1800,+35,可愛い挑戦状 四条貴音 へ覚醒可能確定入手可能：39300コイン（初回のみ）エンドレスステップでチケット700枚入手,872.89,1.38,0.73,0.58,0.42
1167,Vo,SR,可愛い挑戦状 四条貴音,四条貴音,18,60,5463,3963,10925,7925,密室トラップ,Vo属性のAP/DPアップ（大）,アイドル怪盗参上！ 四条貴音 覚醒,○,1800,+30,月初ガシャ以外では初の単色両面大スキルを持つ覚醒後SR,1047.22,1.38,0.73,0.58,0.42
421,Vo,SR,笑顔のハーフタイムショー ジュリア,ジュリア,14,60,2330,2330,4660,4660,-,-,激闘！NAMCOアイドルサッカーフェス2013累計サッカーpt報酬/中間ランキング報酬2014/5/9～2014/5/13&br復活激闘！NAMCOアイドルサッカーフェス2013最終ランキング1位～3000位報酬コズミックアースライトエリアクリア報酬シアターくじ：ステップ1/2,○,1400,+35,伝えたい気持ち ジュリア へ覚醒可能2014/05/28 ボイス追加,665.71,1.00,1.00,0.50,0.50
422,Vo,SR,伝えたい気持ち ジュリア,ジュリア,14,60,2796,2796,5592,5592,プラチナメモリー,Vo属性のAP/DPアップ（小）,笑顔のハーフタイムショー ジュリア 覚醒,○,1400,+30,2014/05/28 ボイス追加,798.86,1.00,1.00,0.50,0.50
842,Vo,SR,ダイナミックステージ ジュリア,ジュリア,18,60,4312,3266,8624,6532,-,-,年またぎ！アイドル紅白歌祭り上位ランキング報酬,○,1800,+35,艶やか演歌道 ジュリア へ覚醒可能,842.00,1.32,0.76,0.57,0.43
843,Vo,SR,艶やか演歌道 ジュリア,ジュリア,18,60,5175,3920,10350,7840,華一輪,Vo属性のAP/DPアップ（中）,ダイナミックステージ ジュリア 覚醒,○,1800,+30,,1010.56,1.32,0.76,0.57,0.43
1045,Vo,SR,Let's Go！雛ロック ジュリア,ジュリア,18,60,4462,3275,8924,6550,-,-,2014/3/12～2014/3/20アイドルひな祭りパレードガシャ,○,1800,+35,恥じらいお雛様 ジュリア へ覚醒可能,859.67,1.36,0.73,0.58,0.42
1046,Vo,SR,恥じらいお雛様 ジュリア,ジュリア,18,60,5355,3930,10710,7860,垣間見スマイル,全カードのAPアップ（中）,Let's Go！雛ロック ジュリア 覚醒,○,1800,+30,,1031.67,1.36,0.73,0.58,0.42
326,Vo,SR,ウイニングラン 高山紗代子,高山紗代子,18,60,3800,3230,7600,6460,-,-,大爆走！765レーサーグランプリ！上位ランキング報酬,○,1800,+35,優等生の素顔 高山紗代子 へ覚醒可能2014/05/28 ボイス追加,781.11,1.18,0.85,0.54,0.46
327,Vo,SR,優等生の素顔 高山紗代子,高山紗代子,18,60,4560,3876,9120,7752,ピットサポート,Vo属性のAPアップ（中）,ウイニングラン 高山紗代子 覚醒,○,1800,+30,2014/05/28 ボイス追加,937.33,1.18,0.85,0.54,0.46
763,Vo,SR,快心フルスイング 高山紗代子,高山紗代子,14,60,3176,1920,6532,3840,-,-,GO！GO！アイドルゴルフ大会累計ゴルフpt報酬ネオフューチャークラブエリアクリア報酬,○,1400,+35,探してロストボール 高山紗代子 へ覚醒可能2014/05/28 ボイス追加,740.86,1.70,0.59,0.63,0.37
764,Vo,SR,探してロストボール 高山紗代子,高山紗代子,14,60,3810,2305,7620,4610,夕焼けシグナル,Vo属性のAPアップ（小）,快心フルスイング 高山紗代子 覚醒,○,1400,+30,2014/05/28 ボイス追加,873.57,1.65,0.60,0.62,0.38
979,Vo,SR,荒ぶる衝動 高山紗代子,高山紗代子,14,60,3300,1988,6600,3976,-,-,出撃！アイドルヒーローズ中間ランキング報酬/シアターくじ（ステップ2）,○,1400,+35,記念スナップ 高山紗代子 へ覚醒可能,755.43,1.66,0.60,0.62,0.38
980,Vo,SR,記念スナップ 高山紗代子,高山紗代子,14,60,3960,2385,7920,4770,デストルスマイル,Vo属性のAP/DPアップ（小）,荒ぶる衝動 高山紗代子 覚醒,○,1400,+30,,906.43,1.66,0.60,0.62,0.38
411,Vo,SR,聖なる誓い 田中琴葉,田中琴葉,18,60,4450,2825,8900,5650,-,-,2013/6/11～:2013/6/20ブライダルコレクションガシャ,○,1800,+35,2014/05/28 ボイス追加,808.33,1.58,0.63,0.61,0.39
609,Vo,SR,鉄拳タッグ2 リリ衣装 田中琴葉,田中琴葉,14,60,3010,1818,6020,3636,-,-,遊べ！アイドルゲームフェス累計ゲームpt報酬,○,1400,+35,ファンタジーステージ 田中琴葉 へ覚醒可能2014/05/28 ボイス追加,689.71,1.66,0.60,0.62,0.38
610,Vo,SR,ファンタジーステージ 田中琴葉,田中琴葉,14,60,3610,2185,7220,4370,見返りティターニア,Vo属性のAPアップ（小）,鉄拳タッグ2 リリ衣装 田中琴葉 覚醒,○,1400,+30,2014/05/28 ボイス追加,827.86,1.65,0.61,0.62,0.38
808,Vo,SR,クリスマスの涙 田中琴葉,田中琴葉,18,60,4538,3204,8716,6408,-,-,2013/12/1～2013/12/11ハッピー！メリークリスマスガシャ,○,1800,+35,ボイス付カードグリッターステージ 田中琴葉 へ覚醒可能,840.22,1.36,0.74,0.58,0.42
809,Vo,SR,グリッターステージ 田中琴葉,田中琴葉,18,60,5230,3845,10460,7690,迷いなき瞳,Vo属性のAP/DPアップ（中）,クリスマスの涙 田中琴葉 覚醒,○,1800,+30,ボイス付カード,1008.33,1.36,0.74,0.58,0.42
970,Vo,SR,甘い一夜の夢 田中琴葉,田中琴葉,18,60,4405,3274,8810,6548,-,-,甘いご奉仕！バレンタインキャラバン最終ランキング報酬,○,1800,+35,貴方へのスイートハート 田中琴葉 へ覚醒可能,853.22,1.35,0.74,0.57,0.43
971,Vo,SR,貴方へのスイートハート 田中琴葉,田中琴葉,18,60,5286,3929,10572,7858,想い溢れて,Vo属性のAPアップ（中）,甘い一夜の夢 田中琴葉 覚醒,○,1800,+30,,1023.89,1.35,0.74,0.57,0.43
305,Vo,SR,導きのステージ 天空橋朋花,天空橋朋花,18,60,3515,3515,7030,7030,-,-,2013/5/1～2013/5/13いざ行け！温泉郷フェスティバルガシャ2014/2/18～2014/2/21 復刻復刻パッケージVo内にも1枚配置,○,1800,+35,騎士への労わり 天空橋朋花 へ覚醒可能2014/05/28 ボイス追加,781.11,1.00,1.00,0.50,0.50
309,Vo,SR,騎士への労わり 天空橋朋花,天空橋朋花,18,60,4218,4218,8436,8436,慈愛の殊遇,自分のAP/DPアップ（中）,導きのステージ 天空橋朋花 覚醒,○,1800,+30,2014/05/28 ボイス追加,937.33,1.00,1.00,0.50,0.50
687,Vo,SR,1番 学園の聖母 天空橋朋花,天空橋朋花,18,60,4235,3140,8470,6280,-,-,開催！アイドル学園文化祭上位ランキング報酬,○,1800,+35,安らぎの眼差し 天空橋朋花 へ覚醒可能2014/05/28 ボイス追加,819.44,1.35,0.74,0.57,0.43
689,Vo,SR,安らぎの眼差し 天空橋朋花,天空橋朋花,18,60,5085,3760,10170,7520,満面の笑顔,Vo属性のAPアップ（中）,1番 学園の聖母 天空橋朋花 覚醒,○,1800,+30,2014/05/28 ボイス追加,982.78,1.35,0.74,0.57,0.43
1110,Vo,SR,天性のシスター 天空橋朋花,天空橋朋花,18,60,4502,3294,9004,6588,-,-,2014/4/15～2014/4/23ときめきお忍びデートガシャ,○,1800,+35,楽しいイルカショー 天空橋朋花へ覚醒可能確定入手可能：39300コイン（初登場ガシャ期間中のみ）,866.22,1.37,0.73,0.58,0.42
1111,Vo,SR,楽しいイルカショー 天空橋朋花,天空橋朋花,18,60,5403,3953,10805,7905,跳ねる笑顔,Vo属性のAP/DPアップ（中）,天性のシスター 天空橋朋花 覚醒,○,1800,+30,,1039.44,1.37,0.73,0.58,0.42
282,Vo,SR,箱入り娘の休日 箱崎星梨花,箱崎星梨花,18,60,3600,3600,7200,7200,-,-,2013/4/19～2013/4/30アイドルホリデーガシャ,○,1800,+35,2014/05/28 ボイス追加,800.00,1.00,1.00,0.50,0.50
557,Vo,SR,ラブリーキャビンアテンダント 箱崎星梨花,箱崎星梨花,18,60,4166,3013,8332,6026,-,-,2013/8/12～2013/8/21キャリアチャレンジ！ガシャ,○,1800,+35,バレリーナプリンセス 箱崎星梨花 へ覚醒可能2014/05/28 ボイス追加,797.67,1.38,0.72,0.58,0.42
558,Vo,SR,バレリーナプリンセス 箱崎星梨花,箱崎星梨花,18,60,5000,3616,9999,7231,純真スワン,Vo属性のAPアップ（中）,ラブリーキャビンアテンダント 箱崎星梨花 覚醒,○,1800,+30,2014/05/28 ボイス追加,957.22,1.38,0.72,0.58,0.42
866,Vo,SR,小さな先生 箱崎星梨花,箱崎星梨花,18,60,4350,3212,8700,6424,-,-,2013/12/19～2013/12/27ウィンタースポーツライブガシャ,○,1800,+35,銀盤に咲く花 箱崎星梨花 へ覚醒可能2014/05/28 ボイス追加,840.22,1.35,0.74,0.58,0.42
867,Vo,SR,銀盤に咲く花 箱崎星梨花,箱崎星梨花,18,60,5220,3855,10440,7710,ホワイトブルーム,Vo属性のAPアップ（中）,小さな先生 箱崎星梨花 覚醒,○,1800,+30,合同レアフェスLv51～60の対戦相手2014/05/28 ボイス追加,1008.33,1.35,0.74,0.58,0.42
1147,Vo,SR,童話好きな少女 箱崎星梨花,箱崎星梨花,18,60,4550,3304,9100,6608,-,-,2014/5/15～2014/5/26夢いっぱい！メルヘンアイドル物語最終ランキング報酬,○,1800,+35,メルヘンプリンセス 箱崎星梨花 へ覚醒可能,872.67,1.38,0.73,0.58,0.42
1148,Vo,SR,メルヘンプリンセス 箱崎星梨花,箱崎星梨花,18,60,5460,3965,10920,7930,ハッピーエンドオーバー,Vo属性のAP/DPアップ（中）,童話好きな少女 箱崎星梨花 覚醒,○,1800,+30,,1047.22,1.38,0.73,0.58,0.42
178,Vo,SR,研究の成果 松田亜利沙,松田亜利沙,18,60,3960,2880,7920,5760,-,-,プラチナ,○,1800,+35,2014/05/28 ボイス追加,760.00,1.38,0.73,0.58,0.42
587,Vo,SR,パン食いジャンプ 松田亜利沙,松田亜利沙,18,60,4100,3140,8200,6280,-,-,2013/9/1～2013/9/11それゆけ！アイドル大運動会ガシャ,○,1800,+35,ボイス付カード不滅なる王道 松田亜利沙 へ覚醒可能,804.44,1.31,0.77,0.57,0.43
588,Vo,SR,不滅なる王道 松田亜利沙,松田亜利沙,18,60,4920,3765,9840,7530,青春の鼓動,全カードのAPアップ（中）,パン食いジャンプ 松田亜利沙 覚醒,○,1800,+30,ボイス付カード,965.00,1.31,0.77,0.57,0.43
1055,Vo,SR,ファンシー天使 松田亜利沙,松田亜利沙,18,60,4471,3283,8942,6566,-,-,2014/3/24～2014/3/31グラビア6＋2変化ガシャ,○,1800,＋35,純白の笑顔 松田亜利沙 へ覚醒可能,861.56,1.36,0.73,0.58,0.42
1056,Vo,SR,純白の笑顔 松田亜利沙,松田亜利沙,18,60,5365,3940,10730,7880,素直な気持ち,Vo属性のAP/DPアップ（中）,ファンシー天使 松田亜利沙 覚醒,○,1800,＋30,,1033.89,1.36,0.73,0.58,0.42
177,Vo,SR,うっかりセクシー 三浦あずさ,三浦あずさ,17,60,3740,2720,7480,5440,-,-,プラチナ/チケット,○,1700,+35,2014/05/28 ボイス追加,760.00,1.38,0.73,0.58,0.42
464,Vo,SR,ハートフルボイス 三浦あずさ,三浦あずさ,18,60,4000,3130,8000,6260,-,-,納涼！アイドル夏祭り最終ランキング報酬,○,1800,+35,迷子の特等席 三浦あずさ へ覚醒可能,792.22,1.28,0.78,0.56,0.44
465,Vo,SR,迷子の特等席 三浦あずさ,三浦あずさ,18,60,4800,3756,9600,7512,花火色の瞳,Vo属性のAPアップ（中）,ハートフルボイス 三浦あずさ 覚醒,○,1800,+30,,950.67,1.28,0.78,0.56,0.44
716,Vo,SR,エンジョイスポーツ！ 三浦あずさ,三浦あずさ,18,60,4246,3150,8492,6300,-,-,2013/10/23～2013/10/31スポーツチャレンジガシャ2014/4/25～2014/5/6GO！GO！GWアイテムセットHR以上確定チケット（GW）,○,1800,+35,眩惑の水面 三浦あずさ へ覚醒可能,821.78,1.35,0.74,0.57,0.43
717,Vo,SR,眩惑の水面 三浦あずさ,三浦あずさ,18,60,5095,3785,10190,7570,柔らかな掌,Vo属性のAPアップ（中）,エンジョイスポーツ！ 三浦あずさ 覚醒,○,1800,+30,,986.67,1.35,0.74,0.57,0.43
856,Vo,SR,ふわふわフラフープ 三浦あずさ,三浦あずさ,18,60,4317,3245,8634,6490,-,-,2013/12/11～2013/12/19アイドルセクシーパークガシャ,○,1800,+35,栄光のグランプリ 三浦あずさ へ覚醒可能,840.22,1.33,0.75,0.57,0.43
857,Vo,SR,栄光のグランプリ 三浦あずさ,三浦あずさ,18,60,5180,3895,10360,7790,ビクトリーボディ,全ての敵のAPダウン（中）,ふわふわフラフープ 三浦あずさ 覚醒,○,1800,+30,,1008.33,1.33,0.75,0.57,0.43
1122,Vo,SR,思わず注目！ 三浦あずさ,三浦あずさ,18,60,4519,3294,9038,6588,-,-,2014/4/23～2014/4/30はりきりキャンペーンガールガシャ,○,1800,+35,極上のシルエット 三浦あずさ へ覚醒可能確定入手可能：最大40000コイン（期間内なら最大確定額は毎回固定）,868.11,1.37,0.73,0.58,0.42
1123,Vo,SR,極上のシルエット 三浦あずさ,三浦あずさ,18,60,5423,3953,10845,7905,ワンナイトロマンス,Vo属性のAP/DPアップ（中）,思わず注目！ 三浦あずさ 覚醒,○,1800,+30,,1041.67,1.37,0.73,0.58,0.42
199,Vo,SR,ラブリーマドモワゼル 水瀬伊織,水瀬伊織,18,60,3900,2920,7860,5890,-,-,2013/2/27～2013/3/11ようこそ！プロデューサーさんガシャ2013/9/25～2013/9/30 復刻,○,1800,+35,2014/05/28 ボイス追加,763.89,1.33,0.75,0.57,0.43
293,Vo,SR,アイドル司令官 水瀬伊織,水瀬伊織,18,60,3650,3350,7300,6700,-,-,風雲！アイドルキャッスル上位ランキング報酬,○,1800,+35,勝利のお姫様 水瀬伊織 へ覚醒可能2014/05/28 ボイス追加,777.78,1.09,0.92,0.52,0.48
294,Vo,SR,勝利のお姫様 水瀬伊織,水瀬伊織,18,60,4380,4020,8760,8040,ビクトリースマイル,Vo属性のAPアップ（中）,アイドル司令官 水瀬伊織 覚醒,○,1800,+30,2014/05/28 ボイス追加,933.33,1.09,0.92,0.52,0.48
403,Vo,SR,高飛車シンデレラ 水瀬伊織,水瀬伊織,18,60,3850,3180,7700,6360,-,-,2013/5/21～2013/5/31絵本の国のアイドルたちガシャ,○,1800,+35,一夜限りの魔法 水瀬伊織 へ覚醒可能2014/05/28 ボイス追加,781.11,1.21,0.83,0.55,0.45
336,Vo,SR,一夜限りの魔法 水瀬伊織,水瀬伊織,18,60,4620,3816,9240,7632,魔法のドレス,自分のAP/DPアップ（中）,高飛車シンデレラ 水瀬伊織 覚醒,○,1800,+30,2014/05/28 ボイス追加,937.33,1.21,0.83,0.55,0.45
611,Vo,SR,ゴッドイーター2 アリサ衣装 水瀬伊織,水瀬伊織,18,60,4160,3030,8320,6060,-,-,遊べ！アイドルゲームフェス最終ランキング報酬,○,1800,+35,エレクトリックステージ 水瀬伊織 へ覚醒可能,798.89,1.37,0.73,0.58,0.42
612,Vo,SR,エレクトリックステージ 水瀬伊織,水瀬伊織,18,60,5010,3675,10020,7350,釘付けビーム！,Vo属性のAPアップ（中）,ゴッドイーター2 アリサ衣装 水瀬伊織 覚醒,○,1800,+30,,965.00,1.36,0.73,0.58,0.42
941,Vo,SR,瀟洒なディナー 水瀬伊織,水瀬伊織,18,60,4440,3240,8880,6480,-,-,2014/2/1～2014/2/10ドキドキ！バレンタインデーガシャメダル報酬限定：9900枚毎に×1,○,1800,+35,プリティーキャット 水瀬伊織 へ覚醒可能,853.33,1.37,0.73,0.58,0.42
942,Vo,SR,プリティーキャット 水瀬伊織,水瀬伊織,18,60,5328,3888,10655,7775,ニャンコかぶりポーズ,Vo属性のAP/DPアップ（大）,瀟洒なディナー 水瀬伊織 覚醒,○,1800,+30,,1023.89,1.37,0.73,0.58,0.42
1131,Vo,SR,ピュアリー白天女 水瀬伊織,水瀬伊織,18,60,4379,3475,8758,6950,-,-,2014/5/1～2014/5/12絶景！天空こいのぼりライブガシャ期間限定カード,○,1800,+35,気まぐれサンセット 水瀬伊織へ覚醒可能,872.67,1.26,0.79,0.56,0.44
1132,Vo,SR,気まぐれサンセット 水瀬伊織,水瀬伊織,18,60,5255,4170,10510,8340,夕日色のほっぺ,Vo属性のAPアップ（大）,ピュアリー白天女 水瀬伊織 覚醒,○,1800,+30,,1047.22,1.26,0.79,0.56,0.44
241,Vo,SR,ふれあう、2人の手 最上静香,最上静香,18,60,4100,3000,8200,6000,-,-,2013/3/20～2013/3/31セレモニーパーティーガシャ,○,1800,+35,2014/05/28 ボイス追加,788.89,1.37,0.73,0.58,0.42
676,Vo,SR,クールビューティー 最上静香,最上静香,18,60,4190,3180,8380,6360,-,-,アイドルマスターズカップランキング報酬,○,1800,+35,幻想イルミネーション 最上静香 へ覚醒可能,818.89,1.32,0.76,0.57,0.43
677,Vo,SR,幻想イルミネーション 最上静香,最上静香,18,60,5060,3785,10120,7570,想い、伝えて,Vo属性のAPアップ（中）,クールビューティー 最上静香 覚醒,○,1800,+30,,982.78,1.34,0.75,0.57,0.43
930,Vo,SR,高揚の響き 最上静香,最上静香,18,60,4383,3254,8766,6508,-,-,2014/1/21～2014/1/31アイドルかくし芸ガシャ,○,1800,+35,大舞台の余韻 最上静香 へ覚醒可能,848.56,1.35,0.74,0.57,0.43
931,Vo,SR,大舞台の余韻 最上静香,最上静香,18,60,5260,3905,10520,7810,鳴り止まぬ鼓動,Vo属性のAP/DPアップ（中）,高揚の響き 最上静香 覚醒,○,1800,+30,,1018.33,1.35,0.74,0.57,0.43
1114,Vo,SR,イノセントボディ 最上静香,最上静香,18,60,4512,3283,9024,6566,-,-,2014/4/11～2013/4/15復刻 どきどき！水着ファッションショーガシャ,○,1800,+35,ささやかな温もり 最上静香 へ覚醒可能,866.11,1.37,0.73,0.58,0.42
1115,Vo,SR,ささやかな温もり 最上静香,最上静香,18,60,5415,3940,10830,7880,ほっと笑顔,Vo属性のAPアップ（中）,イノセントボディ 最上静香 覚醒,○,1800,+30,,1039.44,1.37,0.73,0.58,0.42
382,Vo,SR,ダークラビット 望月杏奈,望月杏奈,18,60,4125,2925,8250,5850,-,-,2013/6/1～:2013/6/11大変身！ 魔女っ娘ファンタジーガシャ2014/3/20～2014/3/24 復刻復刻パッケージVo内にも1枚配置,○,1800,+35,ボイス付カード聖剣覚醒 望月杏奈 へ覚醒可能,783.33,1.41,0.71,0.59,0.41
383,Vo,SR,聖剣覚醒 望月杏奈,望月杏奈,18,60,4950,3510,9900,7020,ブレイブハート,Vo属性のAPアップ（中）,ダークラビット 望月杏奈 覚醒,○,1800,+30,ボイス付カード,940.00,1.41,0.71,0.59,0.41
793,Vo,SR,理想のアイテム集め 望月杏奈,望月杏奈,18,60,4283,3237,8566,6475,-,-,2013/11/21～2013/11/30アイドルお買いものパラダイスガシャ,○,1800,+35,デジタルラビット 望月杏奈 へ覚醒可能,835.61,1.32,0.76,0.57,0.43
794,Vo,SR,デジタルラビット 望月杏奈,望月杏奈,18,60,5140,3885,10280,7770,協力プレイモード,全カードのAP/DPアップ（中）,理想のアイテム集め 望月杏奈 覚醒,○,1800,+30,,1002.78,1.32,0.76,0.57,0.43
989,Vo,SR,ハイテク隠れ鬼 望月杏奈,望月杏奈,18,60,4431,3248,8862,6496,-,-,2014/2/11～2014/2/18アイドル節分ショーガシャ,○,1800,+35,電光鳴神ライブ 望月杏奈 へ覚醒可能,853.22,1.36,0.73,0.58,0.42
990,Vo,SR,電光鳴神ライブ 望月杏奈,望月杏奈,18,60,,,10635,7795,ビビッとイルミネーション,Vo属性のAPアップ（中）,ハイテク隠れ鬼 望月杏奈 覚醒,○,1800,+30,,1023.89,1.36,0.73,0.58,0.42
176,Vo,SR,ブレーメンの音楽隊 矢吹可奈,矢吹可奈,16,60,3200,3200,6400,6400,-,-,プラチナ/チケット,×,1600,+35,2014/05/28 ボイス追加,800.00,1.00,1.00,0.50,0.50
484,Vo,SR,努力の結晶 矢吹可奈,矢吹可奈,18,60,4055,3095,8110,6190,-,-,白熱！アイドルユニットトーナメント最終ランキング報酬,○,1800,+35,悔しさは成長 矢吹可奈 へ覚醒可能2014/05/28 ボイス追加,794.44,1.31,0.76,0.57,0.43
485,Vo,SR,悔しさは成長 矢吹可奈,矢吹可奈,18,60,4866,3714,9732,7428,涙の詩,全カードのAPアップ（中）,努力の結晶 矢吹可奈 覚醒,○,1800,+30,2014/05/28 ボイス追加,953.33,1.31,0.76,0.57,0.43
914,Vo,SR,トラブルルーキー 矢吹可奈,矢吹可奈,14,60,3260,1969,6520,3938,-,-,出演！アイドルスペースウォーズ絆Lv報酬,○,1400,+35,戦士の心 矢吹可奈 へ覚醒可能,747.00,1.66,0.60,0.62,0.38
915,Vo,SR,戦士の心 矢吹可奈,矢吹可奈,14,60,3912,2363,7824,4726,覚悟の眼差し,全カードのAPアップ（小）,トラブルルーキー 矢吹可奈 覚醒,○,1400,+30,,896.43,1.66,0.60,0.62,0.38
348,Vo,SR,Thank You！ 春日未来,春日未来,14,60,1430,1430,3575,3575,-,-,2013/4/23～2013/10/30「Thank You！」購入特典,○,1400,+0,ボイス付カード合同レアフェスLv41～50の対戦相手,510.71,1.00,1.00,0.50,0.50
346,Vo,SR,Thank You！ 四条貴音,四条貴音,14,60,935,1705,2338,4263,-,-,2013/4/23～2013/10/30「Thank You！」購入特典,○,1400,+0,ボイス付カード,471.50,0.55,1.82,0.35,0.65
398,Vo,SR,ライブシアター第1幕 天海春香,天海春香,11,60,1500,1380,3750,3450,-,-,2013/5/28～2013/11/30 「THE IDOLM@STER LIVE THE@TER PERFORMANCE 02」購入特典,×,1100,+0,ボイス付カード,654.55,1.09,0.92,0.52,0.48
399,Vo,SR,ライブシアター第1幕 最上静香,最上静香,11,60,1440,1440,3600,3600,-,-,2013/5/28～2013/11/30 「THE IDOLM@STER LIVE THE@TER PERFORMANCE 02」購入特典,×,1100,+0,ボイス付カード,654.55,1.00,1.00,0.50,0.50
400,Vo,SR,ライブシアター第1幕 箱崎星梨花,箱崎星梨花,11,60,1400,1480,3500,3700,-,-,2013/5/28～2013/11/30 「THE IDOLM@STER LIVE THE@TER PERFORMANCE 02」購入特典,×,1100,+0,ボイス付カード,654.55,0.95,1.06,0.49,0.51
402,Vo,SR,ライブシアター第1幕 天空橋朋花,天空橋朋花,11,60,1480,1400,3700,3500,-,-,2013/5/28～2013/11/30 「THE IDOLM@STER LIVE THE@TER PERFORMANCE 02」購入特典,×,1100,+0,ボイス付カード,654.55,1.06,0.95,0.51,0.49
433,Vo,SR,ライブシアター第2幕 春日未来,春日未来,11,60,1420,1480,3550,3700,-,-,2013/6/25～2013/12/31 「THE IDOLM@STER LIVE THE@TER PERFORMANCE 03」購入特典,×,1100,+0,ボイス付カード,659.09,0.96,1.04,0.49,0.51
434,Vo,SR,ライブシアター第2幕 望月杏奈,望月杏奈,11,60,1480,1420,3700,3550,-,-,2013/6/25～2013/12/31 「THE IDOLM@STER LIVE THE@TER PERFORMANCE 03」購入特典,×,1100,+0,ボイス付カード,659.09,1.04,0.96,0.51,0.49
521,Vo,SR,ライブシアター第3幕 如月千早,如月千早,11,60,1520,1400,3800,3500,-,-,2013/7/30～2014/1/31 「THE IDOLM@STER LIVE THE@TER PERFORMANCE 04」購入特典,×,1100,+0,ボイス付カード,663.64,1.09,0.92,0.52,0.48
522,Vo,SR,ライブシアター第3幕 田中琴葉,田中琴葉,11,60,1430,1490,3575,3725,-,-,2013/7/30～2014/1/31 「THE IDOLM@STER LIVE THE@TER PERFORMANCE 04」購入特典,×,1100,+0,ボイス付カード,663.64,0.96,1.04,0.49,0.51
597,Vo,SR,ライブシアター第4幕 水瀬伊織,水瀬伊織,11,60,1540,1400,3850,3500,-,-,2013/8/27～2014/2/28 「THE IDOLM@STER LIVE THE@TER PERFORMANCE 05」購入特典,×,1100,+0,ボイス付カード,668.18,1.10,0.91,0.52,0.48
634,Vo,SR,ライブシアター第5幕 ジュリア,ジュリア,11,60,1640,1320,4100,3300,-,-,2013/9/24～2014/3/31 「THE IDOLM@STER LIVE THE@TER PERFORMANCE 06」購入特典,×,1100,+0,ボイス付カード,672.73,1.24,0.80,0.55,0.45
751,Vo,SR,ライブシアター第6幕 三浦あずさ,三浦あずさ,11,60,1350,1655,3375,4140,-,-,2013/10/29～2014/4/30 「THE IDOLM@STER LIVE THE@TER PERFORMANCE 07」購入特典,×,1100,+0,ボイス付カード,683.18,0.82,1.23,0.45,0.55
754,Vo,SR,ライブシアター第6幕 高山紗代子,高山紗代子,11,60,1505,1500,3760,3755,-,-,2013/10/29～2014/4/30 「THE IDOLM@STER LIVE THE@TER PERFORMANCE 07」購入特典,×,1100,+0,ボイス付カード,683.18,1.00,1.00,0.50,0.50
821,Vo,SR,ライブシアター第7幕 矢吹可奈,矢吹可奈,11,60,1712,1340,4280,3350,-,-,2013/11/26～2014/5/31 「THE IDOLM@STER LIVE THE@TER PERFORMANCE 08」購入特典,×,1100,+0,ボイス付カード,693.64,1.28,0.78,0.56,0.44
891,Vo,SR,ライブシアター第8幕 木下ひなた,木下ひなた,11,60,1720,1352,4300,3380,-,-,2013/12/24～2014/6/30 「THE IDOLM@STER LIVE THE@TER PERFORMANCE 09」購入特典,×,1100,+0,ボイス付カード,698.18,1.27,0.79,0.56,0.44
893,Vo,SR,ライブシアター第8幕 松田亜利沙,松田亜利沙,11,60,1720,1352,4300,3380,-,-,2013/12/24～2014/6/30 「THE IDOLM@STER LIVE THE@TER PERFORMANCE 09」購入特典,×,1100,+0,ボイス付カード,698.18,1.27,0.79,0.56,0.44
950,Vo,SR,ライブシアター第9幕 四条貴音,四条貴音,11,60,1730,1362,4325,3405,-,-,2014/1/28～2014/7/31 「THE IDOLM@STER LIVE THE@TER PERFORMANCE 10」購入特典,×,1100,+0,ボイス付カード,702.73,1.27,0.79,0.56,0.44
396,Vo,SR,ミリオンライブ！ 天海春香,天海春香,10,60,1340,1220,2680,2440,-,-,2013/5/17～2013/6/30TVCM放映記念キャンペーン,○,1100,+0,みんなといっしょに！ 天海春香 へ覚醒可能2014/05/28 ボイス追加,512.00,1.10,0.91,0.52,0.48
397,Vo,SR,みんなといっしょに！ 天海春香,天海春香,11,60,2010,1830,4020,3660,ミリオンステージ,全カードのAPアップ（小）,ミリオンライブ！ 天海春香 覚醒,○,1100,+0,2014/05/28 ボイス追加,698.18,1.10,0.91,0.52,0.48
519,Vo,SR,ミリオンライブ！ 田中琴葉,田中琴葉,11,60,1380,1200,2760,2400,-,-,2013/7/19～2013/8/31TVCM放映記念キャンペーン,○,1100,+0,さらなる高みへ 田中琴葉 へ覚醒可能2014/05/28 ボイス追加,469.09,1.15,0.87,0.53,0.47
520,Vo,SR,さらなる高みへ 田中琴葉,田中琴葉,11,60,2070,1800,4140,3600,ネクストステージ,全カードのAP/DPアップ（小）,ミリオンライブ！ 田中琴葉 覚醒,○,1100,+0,2014/05/28 ボイス追加,703.64,1.15,0.87,0.53,0.47
795,Vo,SR,ドリランドハルカ衣装 天海春香,天海春香,11,60,1682,1324,4205,3310,-,-,2013/10/28～2013/11/7ドリランドコラボキャンペーン,○,1100,+0,,683.18,1.27,0.79,0.56,0.44
796,Vo,SR,スノーフレークリリパット 如月千早,如月千早,11,60,1706,1346,4265,3365,-,-,2013/11/12～2013/12/12ローソンコラボキャンペーン2限定景品,○,1100,+0,,693.64,1.27,0.79,0.56,0.44
798,Vo,SR,We have a dream 天海春香,天海春香,11,60,1526,1526,3815,3815,-,-,2013/11/29～2014/1/31劇場版前売りチケットキャンペーン,○,1100,+0,,693.64,1.00,1.00,0.50,0.50
799,Vo,SR,We have a dream 四条貴音,四条貴音,11,60,1526,1526,3815,3815,-,-,2013/11/29～2014/1/31劇場版前売りチケットキャンペーン,○,1100,+0,,693.64,1.00,1.00,0.50,0.50
1059,Vo,SR,輝きの向こう側へ！ 天海春香,天海春香,11,60,3400,1700,6800,3400,-,-,THE IDOLM@STER MOVIE輝きの向こうへ！公開記念キャンペーン出演！アイドルスペースウォーズ 絆Lv報酬,○修正前：カードと同じ修正後：新規絵に変更,1100,+0,,927.27,2.00,0.50,0.67,0.33
1125,Vo,SR,ミリオンスパーク！ 春日未来,春日未来,11,60,3410,1705,6820,3410,輝く未来へ！,全カードのAPアップ（小）,2014/3/8 12:00～2014/3/271周年記念キャンペーン無料配布,○,1100,0,アニメーション付きカード（ボイスあり）取引可能日時：2014/6/8 12:00～,930.00,2.00,0.50,0.67,0.33
1126,Vo,SR,ワンフォーオール 如月千早,如月千早,11,60,1776,1396,4400,3490,-,-,2014/5/14～2014/11/14アイドルマスター ワンフォーオール初回封入特典シリアルコード,○,1100,+0,,717.27,1.26,0.79,0.56,0.44
